{"preflop_0.5": {"fold": -0.33283412947750257, "call": -0.33489671453516506, "raise": -0.36420561850338334}, "showdown_end": {"fold": 0.5, "call": 0.5, "raise": 0.5}, "preflop_0.7": {"fold": 0.13890499999999997, "call": 0.08551954859709048, "raise": 0.1541601060155814}, "preflop_0.6": {"fold": -0.2563302135006186, "call": -0.09219360418813952, "raise": -0.11925442606253212}, "preflop_0.4": {"fold": -0.38896057803278616, "call": -0.4093484419194625, "raise": -0.3997117862405109}, "preflop_0.8": {"fold": 0.338905, "call": 0.3005, "raise": 0.45220011332607796}, "preflop_0.0": {"fold": -0.09800942950000005, "call": -0.02811723210550006, "raise": 0.0035766196575320736}, "preflop_0.3": {"fold": -0.12979367922290957, "call": -0.1479987496045681, "raise": 0.048157959033578834}}